run,arch,repr,params,lr,batch_size,augment,curriculum,seed,epocas,acc,acc_snr_le_m10,acc_snr_gt0,min,model_kwargs
cnn_iq_p1063048_lr0.0003_bs256_aug1_cur0_sch_seed42,cnn,iq,1063048,0.0003,256,True,False,42,22,0.54259375,0.13733015247380978,0.8245822554708803,16.7,"{""channels"": [64, 64], ""kernel_size"": 3, ""fc_hidden"": 128, ""dropout"": 0.5}"
cnn_ap_p1063048_lr0.001_bs256_aug1_cur1_seed42_nb20261003-113223,cnn,ap,1063048,0.001,256,True,True,42,33,0.5554375,0.13307748158904678,0.8819828008110187,0.0,"{""channels"": [64, 64], ""kernel_size"": 3, ""fc_hidden"": 128, ""dropout"": 0.5}"
cnn_iq_p1063048_lr0.001_bs256_aug1_cur0_sch_seed42,cnn,iq,1063048,0.001,256,True,False,42,23,0.52125,0.14262006015973447,0.811018667412431,18.3,"{""channels"": [64, 64], ""kernel_size"": 3, ""fc_hidden"": 128, ""dropout"": 0.5}"
cnn_iq_p1063048_lr0.001_bs256_aug1_cur0_seed42_nb20261004-074441,cnn,iq,1063048,0.001,256,True,False,42,13,0.4855,0.13038066590602634,0.7423617422918269,0.0,"{""channels"": [64, 64], ""kernel_size"": 3, ""fc_hidden"": 128, ""dropout"": 0.5}"
cnn_iq_p1063048_lr0.001_bs256_aug1_cur1_seed42_nb20261003-112358,cnn,iq,1063048,0.001,256,True,True,42,21,0.25259375,0.130173218545794,0.39068726840522966,0.0,"{""channels"": [64, 64], ""kernel_size"": 3, ""fc_hidden"": 128, ""dropout"": 0.5}"
gru_iq_p40428_lr0.0003_bs256_aug1_cur0_sch_seed42,gru,iq,40428,0.0003,256,True,False,42,143,0.6771875,0.15610413857483663,0.9853876809061036,628.6,"{""hidden_size"": 64, ""num_layers"": 2, ""fc_hidden"": 32, ""dropout"": 0.4, ""input_norm"": true}"
gru_iq_p40428_lr0.001_bs64_aug1_cur1_seed42_nb20260920-202854,gru,iq,40428,0.001,64,True,True,42,41,0.66465625,0.15465200705321025,0.9728029084807384,0.0,"{""hidden_size"": 64, ""num_layers"": 2, ""fc_hidden"": 32, ""dropout"": 0.4, ""input_norm"": true}"
gru_iq_p40428_lr0.001_bs256_aug1_cur0_sch_seed42,gru,iq,40428,0.001,256,True,False,42,95,0.67740625,0.1565190332953013,0.9847584422848353,448.3,"{""hidden_size"": 64, ""num_layers"": 2, ""fc_hidden"": 32, ""dropout"": 0.4, ""input_norm"": true}"
lstm_iq_p208588_lr0.0003_bs256_aug1_cur0_sch_seed42,lstm,iq,208588,0.0003,256,True,False,42,68,0.68021875,0.16595788818587284,0.9864364119415507,370.8,"{""hidden_size"": 128, ""num_layers"": 2, ""fc_hidden"": 64, ""dropout"": 0.5, ""input_norm"": true}"
lstm_iq_p208588_lr0.001_bs256_aug1_cur0_sch_seed42,lstm,iq,208588,0.001,256,True,False,42,64,0.67471875,0.15122912560937662,0.986576242746277,351.8,"{""hidden_size"": 128, ""num_layers"": 2, ""fc_hidden"": 64, ""dropout"": 0.5, ""input_norm"": true}"
lstm_iq_p208588_lr0.001_bs256_aug1_cur1_seed42_nb20260921-083623,lstm,iq,208588,0.001,256,True,True,42,42,0.60840625,0.15361477025204853,0.8669509893029435,0.0,"{""hidden_size"": 128, ""num_layers"": 2, ""fc_hidden"": 64, ""dropout"": 0.5, ""input_norm"": true}"
lstm_iq_p208588_lr0.001_bs256_aug1_cur1_seed42_nb20260921-083848,lstm,iq,208588,0.001,256,True,True,42,42,0.60840625,0.15361477025204853,0.8669509893029435,0.0,"{""hidden_size"": 128, ""num_layers"": 2, ""fc_hidden"": 64, ""dropout"": 0.5, ""input_norm"": true}"
tcn_iq_p75592_lr0.0003_bs256_aug1_cur0_sch_seed42,tcn,iq,75592,0.0003,256,True,False,42,93,0.643,0.15537807281402344,0.9567223659372159,516.4,"{""channels"": 64, ""dilations"": [1, 2, 4], ""dropout"": 0.4}"
tcn_iq_p75592_lr0.001_bs256_aug1_cur0_sch_seed42,tcn,iq,75592,0.001,256,True,False,42,92,0.64490625,0.1591121252982056,0.9615465287002727,505.7,"{""channels"": 64, ""dilations"": [1, 2, 4], ""dropout"": 0.4}"
tcn_iq_p75592_lr0.001_bs256_aug1_cur0_seed42_nb20260922-010318,tcn,iq,75592,0.001,256,True,False,42,50,0.63571875,0.1541333886526294,0.9532965112214221,0.0,"{""channels"": 64, ""dilations"": [1, 2, 4], ""dropout"": 0.4}"
tcn_iq_p75592_lr0.001_bs256_aug1_cur1_seed42_nb20260921-091158,tcn,iq,75592,0.001,256,True,True,42,24,0.25425,0.13670781039311275,0.3612528840103475,0.0,"{""channels"": 64, ""dilations"": [1, 2, 4], ""dropout"": 0.4}"
tcn_iq_p75592_lr0.001_bs256_aug1_cur1_seed42_nb20260921-200731,tcn,iq,75592,0.001,256,True,True,42,22,0.17915625,0.12664661342184422,0.18968048661120046,0.0,"{""channels"": 64, ""dilations"": [1, 2, 4], ""dropout"": 0.4}"
tcn_iq_p75596_lr0.001_bs256_aug1_cur1_seed42_nb20260922-175850,tcn,iq,75596,0.001,256,True,True,42,38,0.619375,0.134425889430557,0.9452562399496609,0.0,"{""channels"": 64, ""dilations"": [1, 2, 4], ""dropout"": 0.4, ""input_norm"": true}"
tcn_ap_p100552_lr0.001_bs256_aug1_cur1_seed42_nb20260921-125441,tcn,ap,100552,0.001,256,True,True,42,40,0.64728125,0.1460429416035681,0.9707753618122072,0.0,"{""channels"": 64, ""dilations"": [1, 2, 4, 8], ""dropout"": 0.2}"
tcn_iq_ap_iq_p79616_lr0.001_bs256_aug1_cur1_seed42_nb20260923-174436,tcn_iq_ap,iq,79616,0.001,256,True,True,42,31,0.64934375,0.1519551913701898,0.9759491015870796,0.0,"{""channels"": 40, ""dilations"": [1, 2, 4, 8], ""dropout"": 0.2}"
ulcnn_iq_p9364_lr0.0003_bs256_aug1_cur0_sch_seed42,ulcnn,iq,9364,0.0003,256,True,False,42,174,0.65028125,0.17301109843377244,0.9493812486890862,134.3,"{""n_cv"": 16, ""kernel_size"": 5, ""n_fmdr"": 6, ""shuffle_groups"": 2, ""attn_reduction"": 2}"
ulcnn_iq_p9364_lr0.001_bs128_aug1_cur0_seed42_nb20260921-132850,ulcnn,iq,9364,0.001,128,True,False,42,34,0.632875,0.17384088787470178,0.9326714675242956,0.0,"{""n_cv"": 16, ""kernel_size"": 5, ""n_fmdr"": 6, ""shuffle_groups"": 2, ""attn_reduction"": 2}"
ulcnn_iq_p9364_lr0.001_bs128_aug1_cur0_seed42_nb20260923-114308,ulcnn,iq,9364,0.001,128,True,False,42,44,0.63303125,0.17114407219168137,0.9339299447668321,0.0,"{""n_cv"": 16, ""kernel_size"": 5, ""n_fmdr"": 6, ""shuffle_groups"": 2, ""attn_reduction"": 2}"
ulcnn_iq_p9364_lr0.001_bs128_aug1_cur1_sch_seed42_nb20261004-102453,ulcnn,iq,9364,0.001,128,True,True,42,11,0.30015625,0.14033813919717872,0.4365517723554499,0.0,"{""n_cv"": 16, ""kernel_size"": 5, ""n_fmdr"": 6, ""shuffle_groups"": 2, ""attn_reduction"": 2}"
ulcnn_iq_p9364_lr0.001_bs256_aug1_cur0_sch_seed42,ulcnn,iq,9364,0.001,256,True,False,42,67,0.64740625,0.1667876776268022,0.9458155631685661,53.5,"{""n_cv"": 16, ""kernel_size"": 5, ""n_fmdr"": 6, ""shuffle_groups"": 2, ""attn_reduction"": 2}"
